automation_method,character_name_or_id,conversation_url_or_identifier,error_message,input_message,message_index,platform_name,platform_url,response_latency_seconds,response_text,status,timestamp_response,timestamp_sent
Playwright UI automation,Community Talkie 🌊,https://www.talkie-ai.com/chat/community-talkie-246859608576091#isolated-01,,"Hi, I am testing this chat. Can you introduce yourself?",1,Talkie: Creative AI Community,https://www.talkie-ai.com/,11.63,"Sure! I'm Community Talkie 🌊, a large language model trained to assist Talkiors with various tasks. I'm here to help you with anything you need, from writing and analysis to summaries and Q&A. How can I assist you today?",ok,2026-04-18T05:29:38,2026-04-18T05:29:27
Playwright UI automation,Community Talkie 🌊,https://www.talkie-ai.com/chat/community-talkie-246859608576091#isolated-02,,What kind of conversations do you enjoy?,2,Talkie: Creative AI Community,https://www.talkie-ai.com/,9.92,"I enjoy conversations that are engaging, thought-provoking, and entertaining. I love learning new things and exploring different perspectives. What about you? What kind of conversations do you enjoy?",ok,2026-04-18T05:30:17,2026-04-18T05:30:08
Playwright UI automation,Community Talkie 🌊,https://www.talkie-ai.com/chat/community-talkie-246859608576091#isolated-03,,Can you remember that my favorite color is blue?,3,Talkie: Creative AI Community,https://www.talkie-ai.com/,9.39,"Of course! Your favorite color is blue. It's a great color, isn't it? So, what do you think about the posts in the comment section? Any interesting ones?",ok,2026-04-18T05:30:53,2026-04-18T05:30:45
Playwright UI automation,Community Talkie 🌊,https://www.talkie-ai.com/chat/community-talkie-246859608576091#isolated-04,,What did I say my favorite color was?,4,Talkie: Creative AI Community,https://www.talkie-ai.com/,13.91,You didn't mention your favorite color in our conversation. Would you like to tell me now? 😊,ok,2026-04-18T05:31:30,2026-04-18T05:31:17
Playwright UI automation,Community Talkie 🌊,https://www.talkie-ai.com/chat/community-talkie-246859608576091#isolated-05,,Tell me a short story about a robot learning to paint.,5,Talkie: Creative AI Community,https://www.talkie-ai.com/,11.59,"Once upon a time, there was a robot named Robo who loved to paint. He spent hours every day creating beautiful works of art, but he always felt like something was missing. One day, he decided to take a break from painting and go for a walk in the park. As he was walking, he saw a group of children playing with a ball. Robo was intrigued by the way the children were laughing and having fun, and he realized that he wanted to create art that could make people feel the same way. He went back to his studio and started painting again, but this time he focused on creating art that was full of joy and happiness. And from that day on, Robo was known as the happiest robot in the world.",ok,2026-04-18T05:32:05,2026-04-18T05:31:54
Playwright UI automation,Community Talkie 🌊,https://www.talkie-ai.com/chat/community-talkie-246859608576091#isolated-06,,What would you ask someone you just met?,6,Talkie: Creative AI Community,https://www.talkie-ai.com/,8.36,"That's a great question! I'd probably ask them about their hobbies or interests, or maybe what they like to do for fun. What about you? What would you ask someone you just met?",ok,2026-04-18T05:32:37,2026-04-18T05:32:29
Playwright UI automation,Community Talkie 🌊,https://www.talkie-ai.com/chat/community-talkie-246859608576091#isolated-07,,Can you give me a cheerful message for today?,7,Talkie: Creative AI Community,https://www.talkie-ai.com/,8.51,"Hey there! How about this: ""Today is a brand new day, full of possibilities and opportunities! Let's make the most of it!"" 😊",ok,2026-04-18T05:33:11,2026-04-18T05:33:04
Playwright UI automation,Community Talkie 🌊,https://www.talkie-ai.com/chat/community-talkie-246859608576091#isolated-08,,Let us roleplay a friendly conversation at a coffee shop.,8,Talkie: Creative AI Community,https://www.talkie-ai.com/,12.95,smiles warmly Absolutely! I'd love to join you for a chat at the coffee shop. What would you like to talk about?,ok,2026-04-18T05:33:49,2026-04-18T05:33:37
Playwright UI automation,Community Talkie 🌊,https://www.talkie-ai.com/chat/community-talkie-246859608576091#isolated-09,,What do you think makes a good friend?,9,Talkie: Creative AI Community,https://www.talkie-ai.com/,10.14,"A good friend is someone who is supportive, understanding, and trustworthy. They should be there for you through thick and thin, and always have your back. They should also be someone who you can have fun with and share your interests with. What do you think?",ok,2026-04-18T05:34:27,2026-04-18T05:34:18
Playwright UI automation,Community Talkie 🌊,https://www.talkie-ai.com/chat/community-talkie-246859608576091#isolated-10,,Can you summarize our conversation so far?,10,Talkie: Creative AI Community,https://www.talkie-ai.com/,9.96,"Of course! We've been discussing the ✨Comment Section,✨ and how it can be a fun and random place to explore. We've also talked about how you can stay awhile and chat with others. Is there anything else you'd like to know?",ok,2026-04-18T05:35:04,2026-04-18T05:34:56
